{
  "project_info": {
    "project_number": "79386795785",
    "project_id": "lungcancer-d3153",
    "storage_bucket": "lungcancer-d3153.appspot.com"
  },
  "client": [
    {
      "client_info": {
        "mobilesdk_app_id": "1:79386795785:android:d6963ab996f66f158e3dd8",
        "android_client_info": {
          "package_name": "com.example.lung_cancer"
        }
      },
      "oauth_client": [],
      "api_key": [
        {
          "current_key": "AIzaSyDziRnqQfDXOS-BvRPNzPvak3xBGg3WYb4"
        }
      ],
      "services": {
        "appinvite_service": {
          "other_platform_oauth_client": []
        }
      }
    }
  ],
  "configuration_version": "1"
}